No.,ID,Name,Link
1,CA01,Canh Chua Cá Diêu Hồng,https://www.cooky.vn/cong-thuc/canh-chua-ca-dieu-hong-20662 
2,CA02,Canh Cải Chua Thịt Bò,https://www.cooky.vn/cong-thuc/canh-cai-chua-thit-bo-47821 
3,CA03,Canh Chua Cá Bông Súng,https://www.cooky.vn/cong-thuc/canh-chua-ca-bong-sung-16299 
4,CA04,Canh Chua Cá Chép Dân Dã,https://www.cooky.vn/cong-thuc/canh-chua-ca-chep-dan-da-45412 
5,CA05,Canh Chua Cá Lóc Nấu Khế v1,https://www.cooky.vn/cong-thuc/canh-chua-ca-loc-nau-khe-maggi-31966
6,CA06,Canh Chua Cá Lóc Nấu Khế v2,https://www.cooky.vn/cong-thuc/canh-chua-ca-loc-nau-khe-28858 
7,CA07,Canh Chua Cá Lóc Ngày Hè v3,https://www.cooky.vn/cong-thuc/canh-chua-ca-loc-ngay-he-16776 
8,CA08,Canh Rau Dền Mồng Tơi Nấu Riêu Cua,https://www.cooky.vn/cong-thuc/canh-rau-den-mong-toi-nau-rieu-cua-32728 
9,CA09,Canh Cua Rau Tập Tàng,https://www.cooky.vn/cong-thuc/canh-cua-rau-tap-tang-25778 
10,CA10,Canh Chua Nấm Chay Thanh Nhẹ,https://www.cooky.vn/cong-thuc/canh-chua-nam-chay-thanh-nhe-29671 
11,CA11,Canh Giá Đỗ Thịt Bò Giải Rượu,https://www.cooky.vn/cong-thuc/canh-gia-do-thit-bo-giai-ruou-14076 
12,CA12,Canh Chua Rau Nhút Nấu Nghêu,https://www.cooky.vn/cong-thuc/canh-chua-rau-nhut-nau-ngheu-2220 
13,CA13,Canh Xà Lách Xoong Thịt Bò Nấu Nấm,https://www.cooky.vn/cong-thuc/canh-xa-lach-xoong-thit-bo-nau-nam-32722 
14,CA14,Canh Rong Biển Đậu Hũ,https://www.cooky.vn/cong-thuc/canh-rong-bien-dau-hu-245 
15,CA15,Canh Rau Ngót Nấu Thịt Băm,https://www.cooky.vn/cong-thuc/canh-rau-ngot-nau-thit-bam-37935 
16,CA16,Canh Gà Lá Giang Chua Béo,https://www.cooky.vn/cong-thuc/canh-ga-la-giang-chua-beo-27391 
17,CA17,Canh Gà Hầm Hạt Sen,https://www.cooky.vn/cong-thuc/canh-ga-ham-hat-sen-33701 
18,CA18,Canh Gà Nấu Nấm,https://www.cooky.vn/cong-thuc/canh-ga-nau-nam-28780 
19,CA19,Canh Thịt Gà Nấu Nấm Hương,https://www.cooky.vn/cong-thuc/canh-thit-ga-nau-nam-huong-2373 
20,CA20,Canh Khổ Qua Nấu Thịt Gà,https://www.cooky.vn/cong-thuc/canh-kho-qua-nau-thit-ga-37185 
21,CA21,Canh Thịt Bằm Nấu Mồng Tơi,https://www.cooky.vn/cong-thuc/canh-thit-bam-nau-mong-toi-12362 
22,CA22,Canh Thịt Băm Nấu Rau Ngót,https://www.cooky.vn/cong-thuc/canh-thit-bam-nau-rau-ngot-40864 
23,CA23,Canh Thịt Viên,https://www.cooky.vn/cong-thuc/canh-thit-vien-7527 
24,CA24,Canh Rau Cải Cúc Với Thịt,https://www.cooky.vn/cong-thuc/canh-rau-cai-cuc-voi-thit-9261 
25,CA25,Canh Khổ Qua Nhồi Thịt Heo,https://www.cooky.vn/cong-thuc/canh-kho-qua-nhoi-thit-heo-7238 
26,CA26,Canh Chua Tom Yum v1,https://www.cooky.vn/cong-thuc/canh-chua-tom-yum-29513 
27,CA27,Canh Chua Tôm Ngon v2,https://www.cooky.vn/cong-thuc/canh-chua-tom-ngon-47868 
28,CA28,Canh Chua Ngó Sen Nấu Tôm,https://www.cooky.vn/cong-thuc/canh-chua-ngo-sen-nau-tom-42016 
,,,
,,,
