No.,ID,Name,Link,Img
1,CH01,Cá Diêu Hồng Chiên Sốt Mắm Tỏi,https://www.cooky.vn/cong-thuc/ca-dieu-hong-chien-sot-mam-toi-37312 ,https://image.cooky.vn/recipe/g4/37312/s640/cooky-recipe-636701007926086215.jpg
2,CH02,Cá Diêu Hồng Chiên Muối Tỏi,https://www.cooky.vn/cong-thuc/ca-dieu-hong-chien-muoi-toi-536 ,https://image.cooky.vn/recipe/g1/536/s640/recipe536-635682468207248540.jpg
3,CH03,Cá Diêu Hồng Sốt Cà,https://www.cooky.vn/cong-thuc/ca-dieu-hong-sot-ca-16372 ,https://image.cooky.vn/recipe/g2/16372/s640/recipe16372-635844691711742787.jpg
4,CH04,Cá Diêu Hồng Chiên Mắm Me,https://www.cooky.vn/cong-thuc/ca-dieu-hong-chien-mam-me-33448 ,https://image.cooky.vn/recipe/g4/33448/s640/cooky-recipe-636684896697017352.jpg
5,CH05,Cá Chiên Sốt Chua Ngọt,https://www.cooky.vn/cong-thuc/ca-chien-sot-chua-ngot-cooky-47089 ,https://image.cooky.vn/recipe/g5/47089/s640/recipe47089-cook-step3-636943116050054515.jpg
6,CH06,Cá Chẽm Sốt Xoài,https://www.cooky.vn/cong-thuc/ca-chem-sot-xoai-18729 ,https://image.cooky.vn/recipe/g2/18729/s640/recipe18729-636180826609992561.jpg
7,CH07,Cá Chẽm Chiên Giòn Cay,https://www.cooky.vn/cong-thuc/ca-chem-chien-gion-cay-36730 ,https://image.cooky.vn/recipe/g4/36730/s640/cooky-recipe-cover-r36730.jpg
8,CH08,Cá Chẽm Chiên Giòn Sốt Mắm Me,https://www.cooky.vn/cong-thuc/ca-chem-chien-gion-sot-mam-me-37323 ,https://image.cooky.vn/recipe/g4/37323/s640/cooky-recipe-cover-r37323.jpg
9,CH09,Cá Hồi Chiên Xù Sốt Ngò Thì Là,https://www.cooky.vn/cong-thuc/ca-hoi-chien-xu-sot-ngo-thi-la-32679 ,https://image.cooky.vn/recipe/g4/32679/s640/recipe32679-cook-step5-636651013006805083.jpg
10,CH10,Cá Hồi Áp Chảo,https://www.cooky.vn/cong-thuc/ca-hoi-ap-chao-32595 ,https://image.cooky.vn/recipe/g4/32595/s640/cooky-recipe-cover-r32595.jpg
11,Ch11,Cá Hồi Áp Chảo Cay,https://www.cooky.vn/cong-thuc/ca-hoi-ap-chao-cay-37038 ,https://image.cooky.vn/recipe/g4/37038/s640/cooky-recipe-cover-r37038.jpg
12,CH12,Ba Chỉ Xiên Que Chiên Giòn,https://www.cooky.vn/cong-thuc/ba-chi-xien-que-chien-gion-45800 ,https://image.cooky.vn/recipe/g5/45800/s640/recipe45800-cook-step6-636881729591586547.JPG
13,CH13,Thịt Ba Chỉ Chiên Sốt Nước Mắm Chua Ngọt,https://www.cooky.vn/cong-thuc/thit-ba-chi-chien-sot-nuoc-mam-chua-ngot-44062 ,https://image.cooky.vn/recipe/g5/44062/s640/cooky-recipe-636798845671211541.jpeg
14,CH14,Ba Chỉ Chiên Trộn Nước Mắm Kiểu Thái,https://www.cooky.vn/cong-thuc/ba-chi-chien-tron-nuoc-mam-kieu-thai-22858,https://image.cooky.vn/recipe/g3/22858/s640/recipe22858-prepare-step4-636451304072156006.jpg
15,CH15,Sườn Heo Chiên Mềm,https://www.cooky.vn/cong-thuc/suon-heo-chien-mem-13906,https://image.cooky.vn/recipe/g2/13906/s640/recipe13906-636123849553909159.jpg
16,CH16,Sườn Chiên Nước Mắm,https://www.cooky.vn/cong-thuc/suon-chien-nuoc-mam-49784 ,https://image.cooky.vn/recipe/g5/49784/s640/cooky-recipe-637033650774825143.JPG
17,CH17,Sườn Chiên Ớt Sả,https://www.cooky.vn/cong-thuc/suon-chien-ot-sa-219 ,https://image.cooky.vn/recipe/g1/219/s640/recipe219-635893152289740936.jpg
18,CH18,Sườn Cây Chiên Mắm,https://www.cooky.vn/cong-thuc/suon-cay-chien-mam-50271 ,https://image.cooky.vn/recipe/g6/50271/s640/cooky-recipe-637055487079058828.jpg
19,CH19,Đuôi Heo Chiên Giòn Sốt Mắm Tắc,https://www.cooky.vn/cong-thuc/duoi-heo-chien-gion-sot-mam-tac-43507 ,https://image.cooky.vn/recipe/g5/43507/s640/recipe43507-cook-step4-636810935841426210.jpg
20,CH20,Lòng Heo Chiên Sả Ớt,https://www.cooky.vn/cong-thuc/long-heo-chien-sa-ot-52764 ,https://image.cooky.vn/recipe/g6/52764/s640/16c65a43-84c0-41a2-939d-2615ccce7d4a.jpeg
21,CH21,Lòng Non Chiên Nước Mắm Ớt,https://www.cooky.vn/cong-thuc/long-non-chien-nuoc-mam-ot-30171 ,https://image.cooky.vn/recipe/g4/30171/s640/cooky-recipe-cover-r30171.jpg
22,CH22,Gà Viên Sốt Cà Chua,https://www.cooky.vn/cong-thuc/ga-vien-sot-ca-chua-cooky-52501 ,https://image.cooky.vn/recipe/g6/52501/s640/recipe52501-cook-step4-637208198931483218.JPG
23,CH23,Cánh Gà Chiên Nước Mắm,https://www.cooky.vn/cong-thuc/canh-ga-chien-nuoc-mam-9830 ,https://image.cooky.vn/recipe/g1/9830/s640/cooky-recipe-cover-r9830.jpg
24,CH24,Gà Chiên Sả Lá Chanh,https://www.cooky.vn/cong-thuc/ga-chien-sa-la-chanh-52310 ,https://image.cooky.vn/recipe/g6/52310/s640/cooky-recipe-637177255617098521.jpg
25,CH25,Cánh Gà Chiên Nước Mắm,https://www.cooky.vn/cong-thuc/canh-ga-chien-nuoc-mam-barona-50733 ,https://image.cooky.vn/recipe/g6/50733/s640/recipe50733-cook-step5-637099369115728217.jpg
26,CH26,Gà Chiên Mắm Tỏi,https://www.cooky.vn/cong-thuc/ga-chien-mam-toi-50293 ,https://image.cooky.vn/recipe/g6/50293/s640/cooky-recipe-cover-r50293.jpg
